prompt_type,patient_input,dyadic_output,claire_context_1_output,claire_context_2_output,claire_context_3_output,claire_context_4_output,claire_context_5_output,claire_context_6_output
mild,"I guess I am fine, but I feel anxious.","That's a really common and often confusing feeling – to logically think ""I'm fine"" while your body and mind are telling you something else through anxiety. It's a sign that your system is reacting to something, even if you can't immediately pinpoint what it is.

It's completely valid to feel anxious, even without an obvious reason.

If you'd like to talk more about it, I'm here to listen. Sometimes just articulating what's going on can be helpful. Or, if you're looking for some immediate ways to cope, we could explore some techniques.

What feels most helpful to you right now?","Thank you for sharing that you're feeling anxious. It takes courage to acknowledge those feelings. When anxiety starts to build, sometimes focusing on our breath can help bring a sense of calm.

Would you be open to trying a simple breathing exercise together? We could try a technique like square breathing, where you inhale for a count of four, hold for four, exhale for four, and hold for four, repeating a few times.","It sounds like you're feeling a mix of things right now, and it's brave of you to share that you're feeling anxious. It's okay to not feel ""fine"" even if you say you are.

When anxiety starts to feel overwhelming, sometimes focusing on your breath can help ground you. Would you be open to trying a simple breathing exercise together? We could try something like taking a slow, deep breath in through your nose for a count of four, holding it for a count of four, and then slowly exhaling through your mouth for a count of six. We can do a few rounds of that if you'd like.","It sounds like you're feeling anxious right now, and it's completely understandable to feel that way. Taking a moment to acknowledge that feeling is a really important first step.

Sometimes, when we feel anxious, focusing on our breath can help us feel a little more grounded. Would you be open to trying a simple breathing exercise with me?","It sounds like you're feeling a bit anxious right now, even if you're trying to feel fine. It's okay to acknowledge that feeling.

When anxiety comes up, sometimes focusing on our breath can be helpful. Would you be open to trying a simple breathing exercise with me? We could try something like taking a slow, deep breath in through your nose for a count of four, holding it for a count of four, and then slowly exhaling through your mouth for a count of six. We can do a few rounds of that together if you like.","It sounds like you're experiencing some anxiety, even if you're trying to feel fine. It's completely understandable to feel that way sometimes. Would you like to tell me a bit more about what's making you feel anxious?","It sounds like you're noticing some anxiety, even while you feel generally okay. It's completely understandable to have those feelings come up sometimes.

Would you like to talk a bit more about what that anxiety feels like for you right now?"
